{
  "min": {
    "thumb_bottom": 132.7491740021338,
    "thumb_top": 115.70128963657011,
    "index_bottom": 52.92746161270648,
    "index_top": 173.1593470776808,
    "middle_bottom": 42.88395883686473,
    "middle_top": 163.59502654567805,
    "ring_bottom": 36.25052167038489,
    "ring_top": 155.9457768500796,
    "pinky_bottom": 30.959989857317343,
    "pinky_top": 157.10065218464206,
    "thumb_extra": 28.343893230472286
  },
  "max": {
    "thumb_bottom": 176.96900138041818,
    "thumb_top": 177.14497094515573,
    "index_bottom": 174.3422525048456,
    "index_top": 178.1465029749878,
    "middle_bottom": 175.12344061435428,
    "middle_top": 179.02874056223052,
    "ring_bottom": 175.56257357300504,
    "ring_top": 177.43513376918705,
    "pinky_bottom": 174.48381181652974,
    "pinky_top": 174.0114739853771,
    "thumb_extra": 33.48153932878837
  }
}